Round Number,Date,Location,Home Team,Away Team,Result
1,13/01/2021 07:00,Rogers Place,Edmonton Oilers,Vancouver Canucks,
1,13/01/2021 08:00,Scotiabank Arena,Toronto Maple Leafs,Montréal Canadiens,
1,13/01/2021 22:30,Wells Fargo Center,Philadelphia Flyers,Pittsburgh Penguins,
1,14/01/2021 01:00,Amalie Arena,Tampa Bay Lightning,Chicago Blackhawks,
1,14/01/2021 03:30,Ball Arena,Colorado Avalanche,St. Louis Blues,
1,14/01/2021 06:00,Bridgestone Arena,Nashville Predators,Columbus Blue Jackets,
1,14/01/2021 06:00,Bell MTS Place,Winnipeg Jets,Calgary Flames,
1,14/01/2021 07:00,Rogers Place,Edmonton Oilers,Vancouver Canucks,
1,14/01/2021 07:00,Gila River Arena,Arizona Coyotes,San Jose Sharks,
1,14/01/2021 08:00,KeyBank Center,Buffalo Sabres,Washington Capitals,
1,14/01/2021 08:00,Prudential Center,New Jersey Devils,Boston Bruins,
1,14/01/2021 08:00,Madison Square Garden,New York Rangers,New York Islanders,
1,14/01/2021 08:00,BB&T Center,Florida Panthers,Dallas Stars,
1,14/01/2021 08:00,Little Caesars Arena,Detroit Red Wings,Carolina Hurricanes,
1,14/01/2021 08:00,T-Mobile Arena,Vegas Golden Knights,Anaheim Ducks,
1,14/01/2021 08:00,STAPLES Center,Los Angeles Kings,Minnesota Wild,
1,15/01/2021 07:00,Ball Arena,Colorado Avalanche,St. Louis Blues,
1,15/01/2021 08:00,KeyBank Center,Buffalo Sabres,Washington Capitals,
1,15/01/2021 08:00,Wells Fargo Center,Philadelphia Flyers,Pittsburgh Penguins,
1,15/01/2021 08:00,Amalie Arena,Tampa Bay Lightning,Chicago Blackhawks,
1,15/01/2021 08:00,BB&T Center,Florida Panthers,Dallas Stars,
1,15/01/2021 08:00,Canadian Tire Centre,Ottawa Senators,Toronto Maple Leafs,
1,16/01/2021 06:00,Bridgestone Arena,Nashville Predators,Columbus Blue Jackets,
1,16/01/2021 07:00,Scotiabank Saddledome,Calgary Flames,Vancouver Canucks,
1,16/01/2021 07:00,Rogers Place,Edmonton Oilers,Montréal Canadiens,
1,16/01/2021 07:00,Gila River Arena,Arizona Coyotes,San Jose Sharks,
1,16/01/2021 08:00,Prudential Center,New Jersey Devils,Boston Bruins,
1,16/01/2021 08:00,Madison Square Garden,New York Rangers,New York Islanders,
1,16/01/2021 08:00,Little Caesars Arena,Detroit Red Wings,Carolina Hurricanes,
1,16/01/2021 08:00,Canadian Tire Centre,Ottawa Senators,Toronto Maple Leafs,
1,16/01/2021 08:00,T-Mobile Arena,Vegas Golden Knights,Anaheim Ducks,
1,16/01/2021 08:00,STAPLES Center,Los Angeles Kings,Minnesota Wild,
1,17/01/2021 08:00,Amalie Arena,Tampa Bay Lightning,Dallas Stars,
1,17/01/2021 08:00,BB&T Center,Florida Panthers,Chicago Blackhawks,
1,17/01/2021 08:00,PPG Paints Arena,Pittsburgh Penguins,Washington Capitals,
1,18/01/2021 06:00,Enterprise Center,St. Louis Blues,San Jose Sharks,
1,18/01/2021 06:00,Bridgestone Arena,Nashville Predators,Carolina Hurricanes,
1,18/01/2021 07:00,Scotiabank Saddledome,Calgary Flames,Vancouver Canucks,
1,18/01/2021 07:00,Rogers Place,Edmonton Oilers,Montréal Canadiens,
1,18/01/2021 08:00,NYCB Live/Nassau Coliseum,New York Islanders,Boston Bruins,
1,18/01/2021 08:00,Wells Fargo Center,Philadelphia Flyers,Buffalo Sabres,
1,18/01/2021 08:00,Little Caesars Arena,Detroit Red Wings,Columbus Blue Jackets,
1,18/01/2021 08:00,Scotiabank Arena,Toronto Maple Leafs,Winnipeg Jets,
1,18/01/2021 08:00,T-Mobile Arena,Vegas Golden Knights,Arizona Coyotes,
1,18/01/2021 08:00,Honda Center,Anaheim Ducks,Minnesota Wild,
1,19/01/2021 06:00,Bridgestone Arena,Nashville Predators,Carolina Hurricanes,
1,19/01/2021 08:00,Madison Square Garden,New York Rangers,New Jersey Devils,
1,19/01/2021 08:00,Wells Fargo Center,Philadelphia Flyers,Buffalo Sabres,
1,19/01/2021 08:00,Amalie Arena,Tampa Bay Lightning,Dallas Stars,
1,19/01/2021 08:00,BB&T Center,Florida Panthers,Chicago Blackhawks,
1,19/01/2021 08:00,PPG Paints Arena,Pittsburgh Penguins,Washington Capitals,
1,19/01/2021 08:00,Little Caesars Arena,Detroit Red Wings,Columbus Blue Jackets,
1,19/01/2021 08:00,Canadian Tire Centre,Ottawa Senators,Winnipeg Jets,
1,19/01/2021 08:00,STAPLES Center,Los Angeles Kings,Colorado Avalanche,
2,20/01/2021 06:00,Enterprise Center,St. Louis Blues,San Jose Sharks,
2,20/01/2021 08:00,Scotiabank Arena,Toronto Maple Leafs,Edmonton Oilers,
2,20/01/2021 08:00,Rogers Arena,Vancouver Canucks,Montréal Canadiens,
2,20/01/2021 08:00,T-Mobile Arena,Vegas Golden Knights,Arizona Coyotes,
2,20/01/2021 08:00,Honda Center,Anaheim Ducks,Minnesota Wild,
2,21/01/2021 08:00,TD Garden,Boston Bruins,Philadelphia Flyers,
2,21/01/2021 08:00,NYCB Live/Nassau Coliseum,New York Islanders,New Jersey Devils,
2,21/01/2021 08:00,PNC Arena,Carolina Hurricanes,Florida Panthers,
2,21/01/2021 08:00,Nationwide Arena,Columbus Blue Jackets,Tampa Bay Lightning,
2,21/01/2021 08:00,Canadian Tire Centre,Ottawa Senators,Winnipeg Jets,
2,21/01/2021 08:00,Rogers Arena,Vancouver Canucks,Montréal Canadiens,
2,21/01/2021 08:00,STAPLES Center,Los Angeles Kings,Colorado Avalanche,
2,22/01/2021 06:00,United Center,Chicago Blackhawks,Detroit Red Wings,
2,22/01/2021 06:00,Xcel Energy Center,Minnesota Wild,San Jose Sharks,
2,22/01/2021 06:00,American Airlines Center,Dallas Stars,Nashville Predators,
2,22/01/2021 07:00,Gila River Arena,Arizona Coyotes,Vegas Golden Knights,
2,22/01/2021 08:00,Capital One Arena,Washington Capitals,Buffalo Sabres,
2,22/01/2021 08:00,PPG Paints Arena,Pittsburgh Penguins,New York Rangers,
2,22/01/2021 08:00,Scotiabank Arena,Toronto Maple Leafs,Edmonton Oilers,
2,22/01/2021 08:00,Honda Center,Anaheim Ducks,Colorado Avalanche,
2,23/01/2021 06:00,Enterprise Center,St. Louis Blues,Los Angeles Kings,
2,23/01/2021 06:00,Bell MTS Place,Winnipeg Jets,Ottawa Senators,
2,23/01/2021 08:00,TD Garden,Boston Bruins,Philadelphia Flyers,
2,23/01/2021 08:00,PNC Arena,Carolina Hurricanes,Florida Panthers,
2,23/01/2021 08:00,Nationwide Arena,Columbus Blue Jackets,Tampa Bay Lightning,
2,23/01/2021 08:00,Rogers Arena,Vancouver Canucks,Montréal Canadiens,
2,24/01/2021 06:00,United Center,Chicago Blackhawks,Detroit Red Wings,
2,24/01/2021 06:00,Enterprise Center,St. Louis Blues,Los Angeles Kings,
2,24/01/2021 06:00,Bell MTS Place,Winnipeg Jets,Edmonton Oilers,
2,24/01/2021 06:00,Xcel Energy Center,Minnesota Wild,San Jose Sharks,
2,24/01/2021 06:00,American Airlines Center,Dallas Stars,Nashville Predators,
2,24/01/2021 07:00,Scotiabank Saddledome,Calgary Flames,Toronto Maple Leafs,
2,24/01/2021 07:00,Gila River Arena,Arizona Coyotes,Vegas Golden Knights,
2,24/01/2021 08:00,Prudential Center,New Jersey Devils,New York Islanders,
2,24/01/2021 08:00,Capital One Arena,Washington Capitals,Buffalo Sabres,
2,24/01/2021 08:00,PPG Paints Arena,Pittsburgh Penguins,New York Rangers,
2,24/01/2021 08:00,Honda Center,Anaheim Ducks,Colorado Avalanche,
2,25/01/2021 08:00,Rogers Arena,Vancouver Canucks,Ottawa Senators,
2,26/01/2021 06:00,Bridgestone Arena,Nashville Predators,Chicago Blackhawks,
2,26/01/2021 06:00,Bell MTS Place,Winnipeg Jets,Edmonton Oilers,
2,26/01/2021 06:00,Xcel Energy Center,Minnesota Wild,Los Angeles Kings,
2,26/01/2021 06:00,American Airlines Center,Dallas Stars,Detroit Red Wings,
2,26/01/2021 07:00,Scotiabank Saddledome,Calgary Flames,Toronto Maple Leafs,
2,26/01/2021 07:00,Ball Arena,Colorado Avalanche,San Jose Sharks,
2,26/01/2021 07:00,Gila River Arena,Arizona Coyotes,Anaheim Ducks,
2,26/01/2021 08:00,TD Garden,Boston Bruins,Pittsburgh Penguins,
2,26/01/2021 08:00,KeyBank Center,Buffalo Sabres,New York Rangers,
2,26/01/2021 08:00,Prudential Center,New Jersey Devils,Philadelphia Flyers,
2,26/01/2021 08:00,Capital One Arena,Washington Capitals,New York Islanders,
2,26/01/2021 08:00,PNC Arena,Carolina Hurricanes,Tampa Bay Lightning,
2,26/01/2021 08:00,Nationwide Arena,Columbus Blue Jackets,Florida Panthers,
2,26/01/2021 08:00,T-Mobile Arena,Vegas Golden Knights,St. Louis Blues,
3,27/01/2021 06:00,Bridgestone Arena,Nashville Predators,Chicago Blackhawks,
3,27/01/2021 08:00,Rogers Arena,Vancouver Canucks,Ottawa Senators,
3,28/01/2021 06:00,Xcel Energy Center,Minnesota Wild,Los Angeles Kings,
3,28/01/2021 06:00,American Airlines Center,Dallas Stars,Detroit Red Wings,
3,28/01/2021 07:00,Rogers Place,Edmonton Oilers,Toronto Maple Leafs,
3,28/01/2021 07:00,Ball Arena,Colorado Avalanche,San Jose Sharks,
3,28/01/2021 07:00,Gila River Arena,Arizona Coyotes,Anaheim Ducks,
3,28/01/2021 08:00,TD Garden,Boston Bruins,Pittsburgh Penguins,
3,28/01/2021 08:00,KeyBank Center,Buffalo Sabres,New York Rangers,
3,28/01/2021 08:00,Prudential Center,New Jersey Devils,Philadelphia Flyers,
3,28/01/2021 08:00,Capital One Arena,Washington Capitals,New York Islanders,
3,28/01/2021 08:00,PNC Arena,Carolina Hurricanes,Tampa Bay Lightning,
3,28/01/2021 08:00,Nationwide Arena,Columbus Blue Jackets,Florida Panthers,
3,28/01/2021 08:00,Centre Bell,Montréal Canadiens,Calgary Flames,
3,28/01/2021 08:00,Rogers Arena,Vancouver Canucks,Ottawa Senators,
3,28/01/2021 08:00,T-Mobile Arena,Vegas Golden Knights,St. Louis Blues,
3,29/01/2021 06:00,United Center,Chicago Blackhawks,Columbus Blue Jackets,
3,30/01/2021 06:00,Bell MTS Place,Winnipeg Jets,Vancouver Canucks,
3,30/01/2021 06:00,Xcel Energy Center,Minnesota Wild,Colorado Avalanche,
3,30/01/2021 07:00,Rogers Place,Edmonton Oilers,Toronto Maple Leafs,
3,30/01/2021 08:00,KeyBank Center,Buffalo Sabres,New Jersey Devils,
3,30/01/2021 08:00,Madison Square Garden,New York Rangers,Pittsburgh Penguins,
3,30/01/2021 08:00,Wells Fargo Center,Philadelphia Flyers,New York Islanders,
3,30/01/2021 08:00,Capital One Arena,Washington Capitals,Boston Bruins,
3,30/01/2021 08:00,PNC Arena,Carolina Hurricanes,Dallas Stars,
3,30/01/2021 08:00,Amalie Arena,Tampa Bay Lightning,Nashville Predators,
3,30/01/2021 08:00,Little Caesars Arena,Detroit Red Wings,Florida Panthers,
3,30/01/2021 08:00,Centre Bell,Montréal Canadiens,Calgary Flames,
3,30/01/2021 08:00,Honda Center,Anaheim Ducks,St. Louis Blues,
3,31/01/2021 06:00,United Center,Chicago Blackhawks,Columbus Blue Jackets,
3,31/01/2021 06:00,Xcel Energy Center,Minnesota Wild,Colorado Avalanche,
3,31/01/2021 07:00,Rogers Place,Edmonton Oilers,Ottawa Senators,
3,31/01/2021 08:00,KeyBank Center,Buffalo Sabres,New Jersey Devils,
3,31/01/2021 08:00,Wells Fargo Center,Philadelphia Flyers,New York Islanders,
3,31/01/2021 08:00,PNC Arena,Carolina Hurricanes,Dallas Stars,
3,31/01/2021 08:00,Little Caesars Arena,Detroit Red Wings,Florida Panthers,
3,31/01/2021 08:00,Honda Center,Anaheim Ducks,St. Louis Blues,
3,01/02/2021 06:00,Bell MTS Place,Winnipeg Jets,Calgary Flames,
3,01/02/2021 08:00,Madison Square Garden,New York Rangers,Pittsburgh Penguins,
3,01/02/2021 08:00,Capital One Arena,Washington Capitals,Boston Bruins,
3,01/02/2021 08:00,Amalie Arena,Tampa Bay Lightning,Nashville Predators,
3,01/02/2021 08:00,Centre Bell,Montréal Canadiens,Vancouver Canucks,
3,01/02/2021 08:00,SAP Center at San Jose,San Jose Sharks,Vegas Golden Knights,
3,02/02/2021 06:00,United Center,Chicago Blackhawks,Carolina Hurricanes,
3,02/02/2021 06:00,Enterprise Center,St. Louis Blues,Arizona Coyotes,
3,02/02/2021 06:00,Bell MTS Place,Winnipeg Jets,Calgary Flames,
3,02/02/2021 07:00,Rogers Place,Edmonton Oilers,Ottawa Senators,
3,02/02/2021 07:00,Ball Arena,Colorado Avalanche,Minnesota Wild,
3,02/02/2021 08:00,NYCB Live/Nassau Coliseum,New York Islanders,Buffalo Sabres,
3,02/02/2021 08:00,PPG Paints Arena,Pittsburgh Penguins,New Jersey Devils,
3,02/02/2021 08:00,Nationwide Arena,Columbus Blue Jackets,Dallas Stars,
3,02/02/2021 08:00,Centre Bell,Montréal Canadiens,Vancouver Canucks,
4,03/02/2021 08:00,Wells Fargo Center,Philadelphia Flyers,Boston Bruins,
4,03/02/2021 08:00,Amalie Arena,Tampa Bay Lightning,Detroit Red Wings,
4,03/02/2021 08:00,STAPLES Center,Los Angeles Kings,Anaheim Ducks,
4,03/02/2021 08:00,SAP Center at San Jose,San Jose Sharks,Vegas Golden Knights,
4,04/02/2021 06:00,United Center,Chicago Blackhawks,Carolina Hurricanes,
4,04/02/2021 06:00,Enterprise Center,St. Louis Blues,Arizona Coyotes,
4,04/02/2021 06:00,Bell MTS Place,Winnipeg Jets,Calgary Flames,
4,04/02/2021 07:00,Ball Arena,Colorado Avalanche,Minnesota Wild,
4,04/02/2021 08:00,NYCB Live/Nassau Coliseum,New York Islanders,Buffalo Sabres,
4,04/02/2021 08:00,Madison Square Garden,New York Rangers,Washington Capitals,
4,04/02/2021 08:00,BB&T Center,Florida Panthers,Nashville Predators,
4,04/02/2021 08:00,PPG Paints Arena,Pittsburgh Penguins,New Jersey Devils,
4,04/02/2021 08:00,Nationwide Arena,Columbus Blue Jackets,Dallas Stars,
4,04/02/2021 08:00,Centre Bell,Montréal Canadiens,Ottawa Senators,
4,04/02/2021 08:00,Scotiabank Arena,Toronto Maple Leafs,Vancouver Canucks,
4,05/02/2021 08:00,Wells Fargo Center,Philadelphia Flyers,Boston Bruins,
4,05/02/2021 08:00,Amalie Arena,Tampa Bay Lightning,Detroit Red Wings,
4,05/02/2021 08:00,BB&T Center,Florida Panthers,Nashville Predators,
4,05/02/2021 08:00,T-Mobile Arena,Vegas Golden Knights,Los Angeles Kings,
4,05/02/2021 08:00,Honda Center,Anaheim Ducks,San Jose Sharks,
4,06/02/2021 06:00,Enterprise Center,St. Louis Blues,Colorado Avalanche,
4,06/02/2021 06:00,Xcel Energy Center,Minnesota Wild,Arizona Coyotes,
4,06/02/2021 07:00,Scotiabank Saddledome,Calgary Flames,Edmonton Oilers,
4,06/02/2021 08:00,TD Garden,Boston Bruins,Buffalo Sabres,
4,06/02/2021 08:00,Prudential Center,New Jersey Devils,New York Rangers,
4,06/02/2021 08:00,NYCB Live/Nassau Coliseum,New York Islanders,Pittsburgh Penguins,
4,06/02/2021 08:00,Canadian Tire Centre,Ottawa Senators,Montréal Canadiens,
4,06/02/2021 08:00,Scotiabank Arena,Toronto Maple Leafs,Vancouver Canucks,
4,06/02/2021 08:00,Honda Center,Anaheim Ducks,San Jose Sharks,
4,07/02/2021 06:00,Enterprise Center,St. Louis Blues,Colorado Avalanche,
4,07/02/2021 06:00,Xcel Energy Center,Minnesota Wild,Arizona Coyotes,
4,07/02/2021 06:00,American Airlines Center,Dallas Stars,Chicago Blackhawks,
4,07/02/2021 08:00,Capital One Arena,Washington Capitals,Philadelphia Flyers,
4,07/02/2021 08:00,BB&T Center,Florida Panthers,Detroit Red Wings,
4,07/02/2021 08:00,Nationwide Arena,Columbus Blue Jackets,Carolina Hurricanes,
4,07/02/2021 08:00,T-Mobile Arena,Vegas Golden Knights,Los Angeles Kings,
4,08/02/2021 06:00,Bridgestone Arena,Nashville Predators,Tampa Bay Lightning,
4,08/02/2021 08:00,TD Garden,Boston Bruins,Buffalo Sabres,
4,08/02/2021 08:00,Madison Square Garden,New York Rangers,New York Islanders,
4,08/02/2021 08:00,Nationwide Arena,Columbus Blue Jackets,Carolina Hurricanes,
4,08/02/2021 08:00,Canadian Tire Centre,Ottawa Senators,Edmonton Oilers,
4,08/02/2021 08:00,Scotiabank Arena,Toronto Maple Leafs,Vancouver Canucks,
4,09/02/2021 06:00,Bridgestone Arena,Nashville Predators,Tampa Bay Lightning,
4,09/02/2021 06:00,Xcel Energy Center,Minnesota Wild,St. Louis Blues,
4,09/02/2021 06:00,American Airlines Center,Dallas Stars,Chicago Blackhawks,
4,09/02/2021 07:00,Scotiabank Saddledome,Calgary Flames,Winnipeg Jets,
4,09/02/2021 07:00,Ball Arena,Colorado Avalanche,Arizona Coyotes,
4,09/02/2021 08:00,Prudential Center,New Jersey Devils,Pittsburgh Penguins,
4,09/02/2021 08:00,Capital One Arena,Washington Capitals,Philadelphia Flyers,
4,09/02/2021 08:00,BB&T Center,Florida Panthers,Detroit Red Wings,
4,09/02/2021 08:00,Canadian Tire Centre,Ottawa Senators,Edmonton Oilers,
4,09/02/2021 08:00,T-Mobile Arena,Vegas Golden Knights,Anaheim Ducks,
4,09/02/2021 08:00,STAPLES Center,Los Angeles Kings,San Jose Sharks,
5,10/02/2021 08:00,Madison Square Garden,New York Rangers,Boston Bruins,
5,10/02/2021 08:00,Centre Bell,Montréal Canadiens,Toronto Maple Leafs,
5,11/02/2021 06:00,United Center,Chicago Blackhawks,Columbus Blue Jackets,
5,11/02/2021 06:00,Bridgestone Arena,Nashville Predators,Detroit Red Wings,
5,11/02/2021 06:00,Bell MTS Place,Winnipeg Jets,Ottawa Senators,
5,11/02/2021 06:00,Xcel Energy Center,Minnesota Wild,St. Louis Blues,
5,11/02/2021 06:00,American Airlines Center,Dallas Stars,Carolina Hurricanes,
5,11/02/2021 07:00,Ball Arena,Colorado Avalanche,Arizona Coyotes,
5,11/02/2021 08:00,KeyBank Center,Buffalo Sabres,Washington Capitals,
5,11/02/2021 08:00,NYCB Live/Nassau Coliseum,New York Islanders,Pittsburgh Penguins,
5,11/02/2021 08:00,Wells Fargo Center,Philadelphia Flyers,New Jersey Devils,
5,11/02/2021 08:00,BB&T Center,Florida Panthers,Tampa Bay Lightning,
5,11/02/2021 08:00,Centre Bell,Montréal Canadiens,Edmonton Oilers,
5,11/02/2021 08:00,Rogers Arena,Vancouver Canucks,Calgary Flames,
5,11/02/2021 08:00,T-Mobile Arena,Vegas Golden Knights,Anaheim Ducks,
5,11/02/2021 08:00,STAPLES Center,Los Angeles Kings,San Jose Sharks,
5,12/02/2021 08:00,Madison Square Garden,New York Rangers,Boston Bruins,
5,13/02/2021 06:00,United Center,Chicago Blackhawks,Columbus Blue Jackets,
5,13/02/2021 06:00,Bridgestone Arena,Nashville Predators,Detroit Red Wings,
5,13/02/2021 06:00,Bell MTS Place,Winnipeg Jets,Ottawa Senators,
5,13/02/2021 06:00,American Airlines Center,Dallas Stars,Carolina Hurricanes,
5,13/02/2021 07:00,Gila River Arena,Arizona Coyotes,St. Louis Blues,
5,13/02/2021 08:00,KeyBank Center,Buffalo Sabres,Washington Capitals,
5,13/02/2021 08:00,NYCB Live/Nassau Coliseum,New York Islanders,Boston Bruins,
5,13/02/2021 08:00,Wells Fargo Center,Philadelphia Flyers,New Jersey Devils,
5,13/02/2021 08:00,BB&T Center,Florida Panthers,Tampa Bay Lightning,
5,13/02/2021 08:00,Scotiabank Arena,Toronto Maple Leafs,Montréal Canadiens,
5,13/02/2021 08:00,Rogers Arena,Vancouver Canucks,Calgary Flames,
5,13/02/2021 08:00,STAPLES Center,Los Angeles Kings,Minnesota Wild,
5,13/02/2021 08:00,SAP Center at San Jose,San Jose Sharks,Anaheim Ducks,
5,14/02/2021 08:00,PPG Paints Arena,Pittsburgh Penguins,Washington Capitals,
5,14/02/2021 08:00,T-Mobile Arena,Vegas Golden Knights,Colorado Avalanche,
5,15/02/2021 06:00,American Airlines Center,Dallas Stars,Nashville Predators,
5,15/02/2021 07:00,Rogers Place,Edmonton Oilers,Winnipeg Jets,
5,15/02/2021 07:00,Gila River Arena,Arizona Coyotes,St. Louis Blues,
5,15/02/2021 08:00,TD Garden,Boston Bruins,New Jersey Devils,
5,15/02/2021 08:00,KeyBank Center,Buffalo Sabres,New York Islanders,
5,15/02/2021 08:00,Little Caesars Arena,Detroit Red Wings,Chicago Blackhawks,
5,15/02/2021 08:00,Scotiabank Arena,Toronto Maple Leafs,Ottawa Senators,
5,15/02/2021 08:00,Rogers Arena,Vancouver Canucks,Calgary Flames,
5,15/02/2021 08:00,SAP Center at San Jose,San Jose Sharks,Anaheim Ducks,
5,16/02/2021 06:00,American Airlines Center,Dallas Stars,Nashville Predators,
5,16/02/2021 08:00,KeyBank Center,Buffalo Sabres,New York Islanders,
5,16/02/2021 08:00,Madison Square Garden,New York Rangers,Philadelphia Flyers,
5,16/02/2021 08:00,PNC Arena,Carolina Hurricanes,Columbus Blue Jackets,
5,16/02/2021 08:00,Amalie Arena,Tampa Bay Lightning,Florida Panthers,
5,16/02/2021 08:00,PPG Paints Arena,Pittsburgh Penguins,Washington Capitals,
5,16/02/2021 08:00,T-Mobile Arena,Vegas Golden Knights,Colorado Avalanche,
5,16/02/2021 08:00,STAPLES Center,Los Angeles Kings,Minnesota Wild,
6,17/02/2021 07:00,Scotiabank Saddledome,Calgary Flames,Vancouver Canucks,
6,17/02/2021 07:00,Rogers Place,Edmonton Oilers,Winnipeg Jets,
6,17/02/2021 08:00,Little Caesars Arena,Detroit Red Wings,Chicago Blackhawks,
6,17/02/2021 08:00,Scotiabank Arena,Toronto Maple Leafs,Ottawa Senators,
6,18/02/2021 06:00,Enterprise Center,St. Louis Blues,San Jose Sharks,
6,18/02/2021 06:00,American Airlines Center,Dallas Stars,Tampa Bay Lightning,
6,18/02/2021 07:00,Gila River Arena,Arizona Coyotes,Los Angeles Kings,
6,18/02/2021 08:00,TD Garden,Boston Bruins,New Jersey Devils,
6,18/02/2021 08:00,Wells Fargo Center,Philadelphia Flyers,New York Rangers,
6,18/02/2021 08:00,PPG Paints Arena,Pittsburgh Penguins,New York Islanders,
6,18/02/2021 08:00,Nationwide Arena,Columbus Blue Jackets,Nashville Predators,
6,18/02/2021 08:00,Scotiabank Arena,Toronto Maple Leafs,Ottawa Senators,
6,18/02/2021 08:00,Honda Center,Anaheim Ducks,Minnesota Wild,
6,19/02/2021 07:00,Scotiabank Saddledome,Calgary Flames,Edmonton Oilers,
6,19/02/2021 08:00,PNC Arena,Carolina Hurricanes,Chicago Blackhawks,
6,19/02/2021 08:00,Little Caesars Arena,Detroit Red Wings,Florida Panthers,
6,19/02/2021 08:00,Rogers Arena,Vancouver Canucks,Winnipeg Jets,
6,20/02/2021 06:00,Enterprise Center,St. Louis Blues,San Jose Sharks,
6,20/02/2021 06:00,American Airlines Center,Dallas Stars,Tampa Bay Lightning,
6,20/02/2021 07:00,Rogers Place,Edmonton Oilers,Calgary Flames,
6,20/02/2021 07:00,Ball Arena,Colorado Avalanche,Vegas Golden Knights,
6,20/02/2021 07:00,Gila River Arena,Arizona Coyotes,Los Angeles Kings,
6,20/02/2021 08:00,Prudential Center,New Jersey Devils,Buffalo Sabres,
6,20/02/2021 08:00,Capital One Arena,Washington Capitals,New York Rangers,
6,20/02/2021 08:00,PNC Arena,Carolina Hurricanes,Chicago Blackhawks,
6,20/02/2021 08:00,PPG Paints Arena,Pittsburgh Penguins,New York Islanders,
6,20/02/2021 08:00,Nationwide Arena,Columbus Blue Jackets,Nashville Predators,
6,20/02/2021 08:00,Centre Bell,Montréal Canadiens,Toronto Maple Leafs,
6,20/02/2021 08:00,Honda Center,Anaheim Ducks,Minnesota Wild,
6,21/02/2021 08:00,TD Garden,Boston Bruins,Philadelphia Flyers,
6,21/02/2021 08:00,Capital One Arena,Washington Capitals,New York Rangers,
6,21/02/2021 08:00,Little Caesars Arena,Detroit Red Wings,Florida Panthers,
6,21/02/2021 08:00,Canadian Tire Centre,Ottawa Senators,Montréal Canadiens,
6,21/02/2021 08:00,Rogers Arena,Vancouver Canucks,Winnipeg Jets,
6,22/02/2021 06:00,Enterprise Center,St. Louis Blues,Los Angeles Kings,
6,22/02/2021 07:00,Ball Arena,Colorado Avalanche,Vegas Golden Knights,
6,22/02/2021 07:00,Gila River Arena,Arizona Coyotes,Anaheim Ducks,
6,22/02/2021 08:00,Prudential Center,New Jersey Devils,Buffalo Sabres,
6,22/02/2021 08:00,Amalie Arena,Tampa Bay Lightning,Carolina Hurricanes,
6,22/02/2021 08:00,Scotiabank Arena,Toronto Maple Leafs,Calgary Flames,
6,23/02/2021 08:00,Prudential Center,New Jersey Devils,New York Islanders,
6,23/02/2021 08:00,Capital One Arena,Washington Capitals,Pittsburgh Penguins,
6,23/02/2021 08:00,BB&T Center,Florida Panthers,Dallas Stars,
6,23/02/2021 08:00,Nationwide Arena,Columbus Blue Jackets,Chicago Blackhawks,
6,23/02/2021 08:00,Little Caesars Arena,Detroit Red Wings,Nashville Predators,
6,23/02/2021 08:00,Canadian Tire Centre,Ottawa Senators,Montréal Canadiens,
6,23/02/2021 08:00,Rogers Arena,Vancouver Canucks,Edmonton Oilers,
7,24/02/2021 06:00,Enterprise Center,St. Louis Blues,Los Angeles Kings,
7,24/02/2021 07:00,Gila River Arena,Arizona Coyotes,Anaheim Ducks,
7,24/02/2021 08:00,Wells Fargo Center,Philadelphia Flyers,New York Rangers,
7,24/02/2021 08:00,Scotiabank Arena,Toronto Maple Leafs,Calgary Flames,
7,25/02/2021 06:00,Bell MTS Place,Winnipeg Jets,Montréal Canadiens,
7,25/02/2021 07:00,Gila River Arena,Arizona Coyotes,Colorado Avalanche,
7,25/02/2021 08:00,NYCB Live/Nassau Coliseum,New York Islanders,Boston Bruins,
7,25/02/2021 08:00,Capital One Arena,Washington Capitals,Pittsburgh Penguins,
7,25/02/2021 08:00,Amalie Arena,Tampa Bay Lightning,Carolina Hurricanes,
7,25/02/2021 08:00,BB&T Center,Florida Panthers,Dallas Stars,
7,25/02/2021 08:00,Nationwide Arena,Columbus Blue Jackets,Chicago Blackhawks,
7,25/02/2021 08:00,Little Caesars Arena,Detroit Red Wings,Nashville Predators,
7,25/02/2021 08:00,Canadian Tire Centre,Ottawa Senators,Calgary Flames,
7,25/02/2021 08:00,Rogers Arena,Vancouver Canucks,Edmonton Oilers,
7,26/02/2021 06:00,Xcel Energy Center,Minnesota Wild,Los Angeles Kings,
7,26/02/2021 08:00,KeyBank Center,Buffalo Sabres,Philadelphia Flyers,
7,26/02/2021 08:00,Madison Square Garden,New York Rangers,Boston Bruins,
7,26/02/2021 08:00,Honda Center,Anaheim Ducks,Vegas Golden Knights,
7,26/02/2021 08:00,SAP Center at San Jose,San Jose Sharks,St. Louis Blues,
7,27/02/2021 06:00,United Center,Chicago Blackhawks,Detroit Red Wings,
7,27/02/2021 06:00,Bridgestone Arena,Nashville Predators,Columbus Blue Jackets,
7,27/02/2021 06:00,Bell MTS Place,Winnipeg Jets,Montréal Canadiens,
7,27/02/2021 06:00,Xcel Energy Center,Minnesota Wild,Los Angeles Kings,
7,27/02/2021 07:00,Rogers Place,Edmonton Oilers,Toronto Maple Leafs,
7,27/02/2021 07:00,Gila River Arena,Arizona Coyotes,Colorado Avalanche,
7,27/02/2021 08:00,Prudential Center,New Jersey Devils,Washington Capitals,
7,27/02/2021 08:00,NYCB Live/Nassau Coliseum,New York Islanders,Pittsburgh Penguins,
7,27/02/2021 08:00,Amalie Arena,Tampa Bay Lightning,Dallas Stars,
7,27/02/2021 08:00,BB&T Center,Florida Panthers,Carolina Hurricanes,
7,27/02/2021 08:00,Canadian Tire Centre,Ottawa Senators,Calgary Flames,
7,27/02/2021 08:00,Honda Center,Anaheim Ducks,Vegas Golden Knights,
7,27/02/2021 08:00,SAP Center at San Jose,San Jose Sharks,St. Louis Blues,
7,28/02/2021 06:00,United Center,Chicago Blackhawks,Detroit Red Wings,
7,28/02/2021 06:00,Bridgestone Arena,Nashville Predators,Columbus Blue Jackets,
7,28/02/2021 06:00,Bell MTS Place,Winnipeg Jets,Vancouver Canucks,
7,28/02/2021 08:00,KeyBank Center,Buffalo Sabres,Philadelphia Flyers,
7,28/02/2021 08:00,NYCB Live/Nassau Coliseum,New York Islanders,Pittsburgh Penguins,
7,28/02/2021 08:00,Madison Square Garden,New York Rangers,Boston Bruins,
7,01/03/2021 07:00,Rogers Place,Edmonton Oilers,Toronto Maple Leafs,
7,01/03/2021 08:00,Prudential Center,New Jersey Devils,Washington Capitals,
7,01/03/2021 08:00,Amalie Arena,Tampa Bay Lightning,Dallas Stars,
7,01/03/2021 08:00,BB&T Center,Florida Panthers,Carolina Hurricanes,
7,01/03/2021 08:00,Canadian Tire Centre,Ottawa Senators,Calgary Flames,
7,01/03/2021 08:00,T-Mobile Arena,Vegas Golden Knights,Minnesota Wild,
7,01/03/2021 08:00,Honda Center,Anaheim Ducks,St. Louis Blues,
7,01/03/2021 08:00,SAP Center at San Jose,San Jose Sharks,Colorado Avalanche,
7,02/03/2021 06:00,Bell MTS Place,Winnipeg Jets,Vancouver Canucks,
7,02/03/2021 08:00,Madison Square Garden,New York Rangers,Buffalo Sabres,
7,02/03/2021 08:00,PPG Paints Arena,Pittsburgh Penguins,Philadelphia Flyers,
7,02/03/2021 08:00,Nationwide Arena,Columbus Blue Jackets,Detroit Red Wings,
7,02/03/2021 08:00,Centre Bell,Montréal Canadiens,Ottawa Senators,
8,03/03/2021 07:00,Rogers Place,Edmonton Oilers,Toronto Maple Leafs,
8,03/03/2021 08:00,TD Garden,Boston Bruins,Washington Capitals,
8,03/03/2021 08:00,T-Mobile Arena,Vegas Golden Knights,Minnesota Wild,
8,03/03/2021 08:00,Honda Center,Anaheim Ducks,St. Louis Blues,
8,03/03/2021 08:00,SAP Center at San Jose,San Jose Sharks,Colorado Avalanche,
8,04/03/2021 06:00,United Center,Chicago Blackhawks,Tampa Bay Lightning,
8,04/03/2021 06:00,Bridgestone Arena,Nashville Predators,Florida Panthers,
8,04/03/2021 06:00,American Airlines Center,Dallas Stars,Columbus Blue Jackets,
8,04/03/2021 07:00,Scotiabank Saddledome,Calgary Flames,Ottawa Senators,
8,04/03/2021 08:00,Madison Square Garden,New York Rangers,New Jersey Devils,
8,04/03/2021 08:00,PNC Arena,Carolina Hurricanes,Detroit Red Wings,
8,04/03/2021 08:00,PPG Paints Arena,Pittsburgh Penguins,Philadelphia Flyers,
8,04/03/2021 08:00,Centre Bell,Montréal Canadiens,Winnipeg Jets,
8,04/03/2021 08:00,Rogers Arena,Vancouver Canucks,Toronto Maple Leafs,
8,05/03/2021 06:00,United Center,Chicago Blackhawks,Tampa Bay Lightning,
8,05/03/2021 07:00,Ball Arena,Colorado Avalanche,Anaheim Ducks,
8,05/03/2021 07:00,Gila River Arena,Arizona Coyotes,Minnesota Wild,
8,05/03/2021 08:00,TD Garden,Boston Bruins,Washington Capitals,
8,05/03/2021 08:00,Prudential Center,New Jersey Devils,New York Rangers,
8,05/03/2021 08:00,NYCB Live/Nassau Coliseum,New York Islanders,Buffalo Sabres,
8,05/03/2021 08:00,STAPLES Center,Los Angeles Kings,St. Louis Blues,
8,05/03/2021 08:00,SAP Center at San Jose,San Jose Sharks,Vegas Golden Knights,
8,06/03/2021 06:00,Bridgestone Arena,Nashville Predators,Florida Panthers,
8,06/03/2021 06:00,American Airlines Center,Dallas Stars,Columbus Blue Jackets,
8,06/03/2021 07:00,Rogers Place,Edmonton Oilers,Calgary Flames,
8,06/03/2021 07:00,Ball Arena,Colorado Avalanche,Anaheim Ducks,
8,06/03/2021 07:00,Gila River Arena,Arizona Coyotes,Minnesota Wild,
8,06/03/2021 08:00,Centre Bell,Montréal Canadiens,Winnipeg Jets,
8,06/03/2021 08:00,Rogers Arena,Vancouver Canucks,Toronto Maple Leafs,
8,06/03/2021 08:00,STAPLES Center,Los Angeles Kings,St. Louis Blues,
8,06/03/2021 08:00,SAP Center at San Jose,San Jose Sharks,Vegas Golden Knights,
8,07/03/2021 06:00,United Center,Chicago Blackhawks,Tampa Bay Lightning,
8,07/03/2021 07:00,Scotiabank Saddledome,Calgary Flames,Ottawa Senators,
8,07/03/2021 08:00,TD Garden,Boston Bruins,Philadelphia Flyers,
8,07/03/2021 08:00,NYCB Live/Nassau Coliseum,New York Islanders,Buffalo Sabres,
8,07/03/2021 08:00,Capital One Arena,Washington Capitals,New Jersey Devils,
8,07/03/2021 08:00,PPG Paints Arena,Pittsburgh Penguins,New York Rangers,
8,08/03/2021 06:00,Xcel Energy Center,Minnesota Wild,Vegas Golden Knights,
8,08/03/2021 07:00,Rogers Place,Edmonton Oilers,Ottawa Senators,
8,08/03/2021 07:00,Ball Arena,Colorado Avalanche,Arizona Coyotes,
8,08/03/2021 08:00,Rogers Arena,Vancouver Canucks,Montréal Canadiens,
8,08/03/2021 08:00,Honda Center,Anaheim Ducks,Los Angeles Kings,
8,09/03/2021 06:00,American Airlines Center,Dallas Stars,Chicago Blackhawks,
8,09/03/2021 08:00,NYCB Live/Nassau Coliseum,New York Islanders,Boston Bruins,
8,09/03/2021 08:00,Wells Fargo Center,Philadelphia Flyers,Buffalo Sabres,
8,09/03/2021 08:00,Capital One Arena,Washington Capitals,New Jersey Devils,
8,09/03/2021 08:00,PNC Arena,Carolina Hurricanes,Nashville Predators,
8,09/03/2021 08:00,PPG Paints Arena,Pittsburgh Penguins,New York Rangers,
8,09/03/2021 08:00,Nationwide Arena,Columbus Blue Jackets,Florida Panthers,
8,09/03/2021 08:00,Little Caesars Arena,Detroit Red Wings,Tampa Bay Lightning,
8,09/03/2021 08:00,Scotiabank Arena,Toronto Maple Leafs,Winnipeg Jets,
9,10/03/2021 06:00,Xcel Energy Center,Minnesota Wild,Vegas Golden Knights,
9,10/03/2021 07:00,Rogers Place,Edmonton Oilers,Ottawa Senators,
9,10/03/2021 07:00,Ball Arena,Colorado Avalanche,Arizona Coyotes,
9,10/03/2021 08:00,Rogers Arena,Vancouver Canucks,Montréal Canadiens,
9,10/03/2021 08:00,Honda Center,Anaheim Ducks,Los Angeles Kings,
9,11/03/2021 06:00,American Airlines Center,Dallas Stars,Chicago Blackhawks,
9,11/03/2021 07:00,Scotiabank Saddledome,Calgary Flames,Montréal Canadiens,
9,11/03/2021 08:00,TD Garden,Boston Bruins,New York Rangers,
9,11/03/2021 08:00,KeyBank Center,Buffalo Sabres,Pittsburgh Penguins,
9,11/03/2021 08:00,NYCB Live/Nassau Coliseum,New York Islanders,New Jersey Devils,
9,11/03/2021 08:00,Wells Fargo Center,Philadelphia Flyers,Washington Capitals,
9,11/03/2021 08:00,PNC Arena,Carolina Hurricanes,Nashville Predators,
9,11/03/2021 08:00,Nationwide Arena,Columbus Blue Jackets,Florida Panthers,
9,11/03/2021 08:00,Little Caesars Arena,Detroit Red Wings,Tampa Bay Lightning,
9,11/03/2021 08:00,Scotiabank Arena,Toronto Maple Leafs,Winnipeg Jets,
9,12/03/2021 06:00,Enterprise Center,St. Louis Blues,Vegas Golden Knights,
9,12/03/2021 06:00,Xcel Energy Center,Minnesota Wild,Arizona Coyotes,
9,12/03/2021 07:00,Rogers Place,Edmonton Oilers,Ottawa Senators,
9,12/03/2021 07:00,Ball Arena,Colorado Avalanche,Los Angeles Kings,
9,12/03/2021 08:00,Honda Center,Anaheim Ducks,San Jose Sharks,
9,13/03/2021 06:00,Enterprise Center,St. Louis Blues,Vegas Golden Knights,
9,13/03/2021 07:00,Scotiabank Saddledome,Calgary Flames,Montréal Canadiens,
9,13/03/2021 08:00,TD Garden,Boston Bruins,New York Rangers,
9,13/03/2021 08:00,KeyBank Center,Buffalo Sabres,Pittsburgh Penguins,
9,13/03/2021 08:00,Prudential Center,New Jersey Devils,New York Islanders,
9,13/03/2021 08:00,Wells Fargo Center,Philadelphia Flyers,Washington Capitals,
9,13/03/2021 08:00,Amalie Arena,Tampa Bay Lightning,Nashville Predators,
9,13/03/2021 08:00,BB&T Center,Florida Panthers,Chicago Blackhawks,
9,13/03/2021 08:00,Nationwide Arena,Columbus Blue Jackets,Dallas Stars,
9,13/03/2021 08:00,Scotiabank Arena,Toronto Maple Leafs,Winnipeg Jets,
9,13/03/2021 08:00,Rogers Arena,Vancouver Canucks,Edmonton Oilers,
9,13/03/2021 08:00,Honda Center,Anaheim Ducks,San Jose Sharks,
9,14/03/2021 06:00,Xcel Energy Center,Minnesota Wild,Arizona Coyotes,
9,14/03/2021 07:00,Little Caesars Arena,Detroit Red Wings,Carolina Hurricanes,
9,14/03/2021 07:00,Canadian Tire Centre,Ottawa Senators,Toronto Maple Leafs,
9,14/03/2021 07:00,Ball Arena,Colorado Avalanche,Los Angeles Kings,
9,15/03/2021 05:00,Bell MTS Place,Winnipeg Jets,Montréal Canadiens,
9,15/03/2021 06:00,Scotiabank Saddledome,Calgary Flames,Edmonton Oilers,
9,15/03/2021 07:00,Madison Square Garden,New York Rangers,Philadelphia Flyers,
9,15/03/2021 07:00,Capital One Arena,Washington Capitals,New York Islanders,
9,15/03/2021 07:00,Amalie Arena,Tampa Bay Lightning,Nashville Predators,
9,15/03/2021 07:00,BB&T Center,Florida Panthers,Chicago Blackhawks,
9,15/03/2021 07:00,PPG Paints Arena,Pittsburgh Penguins,Boston Bruins,
9,15/03/2021 07:00,Nationwide Arena,Columbus Blue Jackets,Dallas Stars,
9,15/03/2021 07:00,Canadian Tire Centre,Ottawa Senators,Vancouver Canucks,
9,15/03/2021 07:00,T-Mobile Arena,Vegas Golden Knights,San Jose Sharks,
9,15/03/2021 07:00,STAPLES Center,Los Angeles Kings,St. Louis Blues,
9,16/03/2021 07:00,Prudential Center,New Jersey Devils,Buffalo Sabres,
9,16/03/2021 07:00,Capital One Arena,Washington Capitals,New York Islanders,
9,16/03/2021 07:00,PPG Paints Arena,Pittsburgh Penguins,Boston Bruins,
9,16/03/2021 07:00,Little Caesars Arena,Detroit Red Wings,Carolina Hurricanes,
9,16/03/2021 07:00,Honda Center,Anaheim Ducks,Arizona Coyotes,
10,17/03/2021 05:00,Bell MTS Place,Winnipeg Jets,Montréal Canadiens,
10,17/03/2021 06:00,Scotiabank Saddledome,Calgary Flames,Edmonton Oilers,
10,17/03/2021 07:00,Madison Square Garden,New York Rangers,Philadelphia Flyers,
10,17/03/2021 07:00,Canadian Tire Centre,Ottawa Senators,Vancouver Canucks,
10,17/03/2021 07:00,T-Mobile Arena,Vegas Golden Knights,San Jose Sharks,
10,17/03/2021 07:00,STAPLES Center,Los Angeles Kings,St. Louis Blues,
10,18/03/2021 06:00,Rogers Place,Edmonton Oilers,Winnipeg Jets,
10,18/03/2021 06:00,Ball Arena,Colorado Avalanche,Minnesota Wild,
10,18/03/2021 07:00,KeyBank Center,Buffalo Sabres,Boston Bruins,
10,18/03/2021 07:00,NYCB Live/Nassau Coliseum,New York Islanders,Philadelphia Flyers,
10,18/03/2021 07:00,PNC Arena,Carolina Hurricanes,Columbus Blue Jackets,
10,18/03/2021 07:00,Amalie Arena,Tampa Bay Lightning,Chicago Blackhawks,
10,18/03/2021 07:00,BB&T Center,Florida Panthers,Nashville Predators,
10,18/03/2021 07:00,Little Caesars Arena,Detroit Red Wings,Dallas Stars,
10,18/03/2021 07:00,Honda Center,Anaheim Ducks,Arizona Coyotes,
10,19/03/2021 07:00,Prudential Center,New Jersey Devils,Pittsburgh Penguins,
10,19/03/2021 07:00,Capital One Arena,Washington Capitals,New York Rangers,
10,19/03/2021 07:00,Centre Bell,Montréal Canadiens,Vancouver Canucks,
10,19/03/2021 07:00,Scotiabank Arena,Toronto Maple Leafs,Calgary Flames,
10,19/03/2021 07:00,STAPLES Center,Los Angeles Kings,Vegas Golden Knights,
10,19/03/2021 07:00,SAP Center at San Jose,San Jose Sharks,St. Louis Blues,
10,20/03/2021 06:00,Rogers Place,Edmonton Oilers,Winnipeg Jets,
10,20/03/2021 06:00,Ball Arena,Colorado Avalanche,Minnesota Wild,
10,20/03/2021 07:00,KeyBank Center,Buffalo Sabres,Boston Bruins,
10,20/03/2021 07:00,NYCB Live/Nassau Coliseum,New York Islanders,Philadelphia Flyers,
10,20/03/2021 07:00,PNC Arena,Carolina Hurricanes,Columbus Blue Jackets,
10,20/03/2021 07:00,Amalie Arena,Tampa Bay Lightning,Chicago Blackhawks,
10,20/03/2021 07:00,BB&T Center,Florida Panthers,Nashville Predators,
10,20/03/2021 07:00,Little Caesars Arena,Detroit Red Wings,Dallas Stars,
10,20/03/2021 07:00,Centre Bell,Montréal Canadiens,Vancouver Canucks,
10,20/03/2021 07:00,Scotiabank Arena,Toronto Maple Leafs,Calgary Flames,
10,20/03/2021 07:00,SAP Center at San Jose,San Jose Sharks,St. Louis Blues,
10,21/03/2021 07:00,Prudential Center,New Jersey Devils,Pittsburgh Penguins,
10,21/03/2021 07:00,STAPLES Center,Los Angeles Kings,Vegas Golden Knights,
10,22/03/2021 05:00,Xcel Energy Center,Minnesota Wild,Anaheim Ducks,
10,22/03/2021 07:00,Madison Square Garden,New York Rangers,Buffalo Sabres,
10,22/03/2021 07:00,Nationwide Arena,Columbus Blue Jackets,Carolina Hurricanes,
10,22/03/2021 07:00,Centre Bell,Montréal Canadiens,Edmonton Oilers,
10,22/03/2021 07:00,Canadian Tire Centre,Ottawa Senators,Calgary Flames,
10,22/03/2021 07:00,Rogers Arena,Vancouver Canucks,Winnipeg Jets,
10,22/03/2021 07:00,Gila River Arena,Arizona Coyotes,Colorado Avalanche,
10,22/03/2021 07:00,SAP Center at San Jose,San Jose Sharks,Los Angeles Kings,
10,23/03/2021 05:00,United Center,Chicago Blackhawks,Florida Panthers,
10,23/03/2021 05:00,Bridgestone Arena,Nashville Predators,Detroit Red Wings,
10,23/03/2021 05:00,American Airlines Center,Dallas Stars,Tampa Bay Lightning,
10,23/03/2021 07:00,Wells Fargo Center,Philadelphia Flyers,New Jersey Devils,
10,23/03/2021 07:00,Gila River Arena,Arizona Coyotes,Colorado Avalanche,
11,24/03/2021 05:00,Xcel Energy Center,Minnesota Wild,Anaheim Ducks,
11,24/03/2021 07:00,PPG Paints Arena,Pittsburgh Penguins,Buffalo Sabres,
11,24/03/2021 07:00,Centre Bell,Montréal Canadiens,Edmonton Oilers,
11,24/03/2021 07:00,Canadian Tire Centre,Ottawa Senators,Calgary Flames,
11,24/03/2021 07:00,Rogers Arena,Vancouver Canucks,Winnipeg Jets,
11,24/03/2021 07:00,SAP Center at San Jose,San Jose Sharks,Los Angeles Kings,
11,25/03/2021 05:00,United Center,Chicago Blackhawks,Florida Panthers,
11,25/03/2021 05:00,Bridgestone Arena,Nashville Predators,Detroit Red Wings,
11,25/03/2021 05:00,American Airlines Center,Dallas Stars,Tampa Bay Lightning,
11,25/03/2021 06:00,Ball Arena,Colorado Avalanche,Vegas Golden Knights,
11,25/03/2021 07:00,TD Garden,Boston Bruins,New York Islanders,
11,25/03/2021 07:00,Wells Fargo Center,Philadelphia Flyers,New York Rangers,
11,25/03/2021 07:00,Capital One Arena,Washington Capitals,New Jersey Devils,
11,25/03/2021 07:00,Nationwide Arena,Columbus Blue Jackets,Carolina Hurricanes,
11,25/03/2021 07:00,Canadian Tire Centre,Ottawa Senators,Toronto Maple Leafs,
11,26/03/2021 05:00,Enterprise Center,St. Louis Blues,Anaheim Ducks,
11,26/03/2021 06:00,Scotiabank Saddledome,Calgary Flames,Winnipeg Jets,
11,26/03/2021 07:00,Capital One Arena,Washington Capitals,New Jersey Devils,
11,26/03/2021 07:00,Centre Bell,Montréal Canadiens,Edmonton Oilers,
11,26/03/2021 07:00,Gila River Arena,Arizona Coyotes,San Jose Sharks,
11,27/03/2021 05:00,United Center,Chicago Blackhawks,Nashville Predators,
11,27/03/2021 05:00,Enterprise Center,St. Louis Blues,Anaheim Ducks,
11,27/03/2021 05:00,American Airlines Center,Dallas Stars,Florida Panthers,
11,27/03/2021 06:00,Scotiabank Saddledome,Calgary Flames,Winnipeg Jets,
11,27/03/2021 06:00,Ball Arena,Colorado Avalanche,Vegas Golden Knights,
11,27/03/2021 07:00,TD Garden,Boston Bruins,New York Islanders,
11,27/03/2021 07:00,Wells Fargo Center,Philadelphia Flyers,New York Rangers,
11,27/03/2021 07:00,PNC Arena,Carolina Hurricanes,Tampa Bay Lightning,
11,27/03/2021 07:00,PPG Paints Arena,Pittsburgh Penguins,Buffalo Sabres,
11,27/03/2021 07:00,Little Caesars Arena,Detroit Red Wings,Columbus Blue Jackets,
11,27/03/2021 07:00,Scotiabank Arena,Toronto Maple Leafs,Edmonton Oilers,
11,27/03/2021 07:00,Gila River Arena,Arizona Coyotes,San Jose Sharks,
11,28/03/2021 05:00,United Center,Chicago Blackhawks,Nashville Predators,
11,28/03/2021 05:00,American Airlines Center,Dallas Stars,Florida Panthers,
11,28/03/2021 07:00,TD Garden,Boston Bruins,New Jersey Devils,
11,28/03/2021 07:00,Capital One Arena,Washington Capitals,New York Rangers,
11,28/03/2021 07:00,PNC Arena,Carolina Hurricanes,Tampa Bay Lightning,
11,28/03/2021 07:00,Little Caesars Arena,Detroit Red Wings,Columbus Blue Jackets,
11,28/03/2021 07:00,Centre Bell,Montréal Canadiens,Ottawa Senators,
11,29/03/2021 05:00,Enterprise Center,St. Louis Blues,Arizona Coyotes,
11,29/03/2021 06:00,Scotiabank Saddledome,Calgary Flames,Winnipeg Jets,
11,29/03/2021 06:00,Ball Arena,Colorado Avalanche,Anaheim Ducks,
11,29/03/2021 07:00,KeyBank Center,Buffalo Sabres,Philadelphia Flyers,
11,29/03/2021 07:00,PPG Paints Arena,Pittsburgh Penguins,New York Islanders,
11,29/03/2021 07:00,Scotiabank Arena,Toronto Maple Leafs,Edmonton Oilers,
11,29/03/2021 07:00,T-Mobile Arena,Vegas Golden Knights,Los Angeles Kings,
11,29/03/2021 07:00,SAP Center at San Jose,San Jose Sharks,Minnesota Wild,
11,30/03/2021 05:00,United Center,Chicago Blackhawks,Carolina Hurricanes,
11,30/03/2021 05:00,Bridgestone Arena,Nashville Predators,Dallas Stars,
11,30/03/2021 07:00,TD Garden,Boston Bruins,New Jersey Devils,
11,30/03/2021 07:00,KeyBank Center,Buffalo Sabres,Philadelphia Flyers,
11,30/03/2021 07:00,Madison Square Garden,New York Rangers,Washington Capitals,
11,30/03/2021 07:00,Amalie Arena,Tampa Bay Lightning,Columbus Blue Jackets,
11,30/03/2021 07:00,BB&T Center,Florida Panthers,Detroit Red Wings,
11,30/03/2021 07:00,PPG Paints Arena,Pittsburgh Penguins,New York Islanders,
11,30/03/2021 07:00,Canadian Tire Centre,Ottawa Senators,Montréal Canadiens,
12,31/03/2021 05:00,Enterprise Center,St. Louis Blues,Arizona Coyotes,
12,31/03/2021 05:00,Bell MTS Place,Winnipeg Jets,Toronto Maple Leafs,
12,31/03/2021 06:00,Ball Arena,Colorado Avalanche,Anaheim Ducks,
12,31/03/2021 07:00,Rogers Arena,Vancouver Canucks,Calgary Flames,
12,31/03/2021 07:00,T-Mobile Arena,Vegas Golden Knights,Los Angeles Kings,
12,31/03/2021 07:00,SAP Center at San Jose,San Jose Sharks,Minnesota Wild,
12,01/04/2021 05:00,United Center,Chicago Blackhawks,Carolina Hurricanes,
12,01/04/2021 05:00,Bridgestone Arena,Nashville Predators,Dallas Stars,
12,01/04/2021 07:00,TD Garden,Boston Bruins,Pittsburgh Penguins,
12,01/04/2021 07:00,KeyBank Center,Buffalo Sabres,New York Rangers,
12,01/04/2021 07:00,NYCB Live/Nassau Coliseum,New York Islanders,Washington Capitals,
12,01/04/2021 07:00,Amalie Arena,Tampa Bay Lightning,Columbus Blue Jackets,
12,01/04/2021 07:00,BB&T Center,Florida Panthers,Detroit Red Wings,
12,01/04/2021 07:00,Canadian Tire Centre,Ottawa Senators,Montréal Canadiens,
12,01/04/2021 07:00,T-Mobile Arena,Vegas Golden Knights,Minnesota Wild,
12,02/04/2021 05:00,Bell MTS Place,Winnipeg Jets,Toronto Maple Leafs,
12,02/04/2021 06:00,Rogers Place,Edmonton Oilers,Calgary Flames,
12,02/04/2021 07:00,Prudential Center,New Jersey Devils,Washington Capitals,
12,02/04/2021 07:00,Honda Center,Anaheim Ducks,Arizona Coyotes,
12,02/04/2021 07:00,STAPLES Center,Los Angeles Kings,San Jose Sharks,
12,03/04/2021 05:00,Bridgestone Arena,Nashville Predators,Chicago Blackhawks,
12,03/04/2021 06:00,Rogers Place,Edmonton Oilers,Vancouver Canucks,
12,03/04/2021 06:00,Ball Arena,Colorado Avalanche,St. Louis Blues,
12,03/04/2021 07:00,TD Garden,Boston Bruins,Pittsburgh Penguins,
12,03/04/2021 07:00,KeyBank Center,Buffalo Sabres,New York Rangers,
12,03/04/2021 07:00,NYCB Live/Nassau Coliseum,New York Islanders,Philadelphia Flyers,
12,03/04/2021 07:00,PNC Arena,Carolina Hurricanes,Dallas Stars,
12,03/04/2021 07:00,Amalie Arena,Tampa Bay Lightning,Detroit Red Wings,
12,03/04/2021 07:00,BB&T Center,Florida Panthers,Columbus Blue Jackets,
12,03/04/2021 07:00,Centre Bell,Montréal Canadiens,Ottawa Senators,
12,03/04/2021 07:00,T-Mobile Arena,Vegas Golden Knights,Minnesota Wild,
12,03/04/2021 07:00,STAPLES Center,Los Angeles Kings,San Jose Sharks,
12,04/04/2021 05:00,Bridgestone Arena,Nashville Predators,Chicago Blackhawks,
12,04/04/2021 05:00,Bell MTS Place,Winnipeg Jets,Vancouver Canucks,
12,04/04/2021 07:00,Prudential Center,New Jersey Devils,Washington Capitals,
12,04/04/2021 07:00,PNC Arena,Carolina Hurricanes,Dallas Stars,
12,04/04/2021 07:00,Amalie Arena,Tampa Bay Lightning,Detroit Red Wings,
12,04/04/2021 07:00,BB&T Center,Florida Panthers,Columbus Blue Jackets,
12,04/04/2021 07:00,Scotiabank Saddledome,Calgary Flames,Toronto Maple Leafs,
12,04/04/2021 07:00,Honda Center,Anaheim Ducks,Arizona Coyotes,
12,05/04/2021 05:00,Enterprise Center,St. Louis Blues,Vegas Golden Knights,
12,05/04/2021 05:00,Xcel Energy Center,Minnesota Wild,Colorado Avalanche,
12,05/04/2021 06:00,Scotiabank Saddledome,Calgary Flames,Toronto Maple Leafs,
12,05/04/2021 07:00,Wells Fargo Center,Philadelphia Flyers,Boston Bruins,
12,05/04/2021 07:00,Centre Bell,Montréal Canadiens,Edmonton Oilers,
12,05/04/2021 07:00,STAPLES Center,Los Angeles Kings,Arizona Coyotes,
12,06/04/2021 05:00,United Center,Chicago Blackhawks,Dallas Stars,
12,06/04/2021 05:00,Bell MTS Place,Winnipeg Jets,Vancouver Canucks,
12,06/04/2021 07:00,Prudential Center,New Jersey Devils,Buffalo Sabres,
12,06/04/2021 07:00,NYCB Live/Nassau Coliseum,New York Islanders,Washington Capitals,
12,06/04/2021 07:00,Madison Square Garden,New York Rangers,Pittsburgh Penguins,
12,06/04/2021 07:00,Wells Fargo Center,Philadelphia Flyers,Boston Bruins,
12,06/04/2021 07:00,PNC Arena,Carolina Hurricanes,Florida Panthers,
12,06/04/2021 07:00,Nationwide Arena,Columbus Blue Jackets,Tampa Bay Lightning,
12,06/04/2021 07:00,Little Caesars Arena,Detroit Red Wings,Nashville Predators,
13,07/04/2021 05:00,Enterprise Center,St. Louis Blues,Vegas Golden Knights,
13,07/04/2021 05:00,Xcel Energy Center,Minnesota Wild,Colorado Avalanche,
13,07/04/2021 07:00,Canadian Tire Centre,Ottawa Senators,Edmonton Oilers,
13,07/04/2021 07:00,Scotiabank Arena,Toronto Maple Leafs,Montréal Canadiens,
13,07/04/2021 07:00,STAPLES Center,Los Angeles Kings,Arizona Coyotes,
13,08/04/2021 05:00,United Center,Chicago Blackhawks,Dallas Stars,
13,08/04/2021 06:00,Scotiabank Saddledome,Calgary Flames,Vancouver Canucks,
13,08/04/2021 07:00,KeyBank Center,Buffalo Sabres,New Jersey Devils,
13,08/04/2021 07:00,NYCB Live/Nassau Coliseum,New York Islanders,Philadelphia Flyers,
13,08/04/2021 07:00,Madison Square Garden,New York Rangers,Pittsburgh Penguins,
13,08/04/2021 07:00,Capital One Arena,Washington Capitals,Boston Bruins,
13,08/04/2021 07:00,PNC Arena,Carolina Hurricanes,Florida Panthers,
13,08/04/2021 07:00,Nationwide Arena,Columbus Blue Jackets,Tampa Bay Lightning,
13,08/04/2021 07:00,Little Caesars Arena,Detroit Red Wings,Nashville Predators,
13,08/04/2021 07:00,Centre Bell,Montréal Canadiens,Winnipeg Jets,
13,09/04/2021 05:00,Enterprise Center,St. Louis Blues,Minnesota Wild,
13,09/04/2021 07:00,KeyBank Center,Buffalo Sabres,New Jersey Devils,
13,09/04/2021 07:00,NYCB Live/Nassau Coliseum,New York Islanders,New York Rangers,
13,09/04/2021 07:00,Canadian Tire Centre,Ottawa Senators,Edmonton Oilers,
13,09/04/2021 07:00,T-Mobile Arena,Vegas Golden Knights,Arizona Coyotes,
13,09/04/2021 07:00,Honda Center,Anaheim Ducks,Colorado Avalanche,
13,09/04/2021 07:00,SAP Center at San Jose,San Jose Sharks,Los Angeles Kings,
13,10/04/2021 05:00,Bridgestone Arena,Nashville Predators,Tampa Bay Lightning,
13,10/04/2021 05:00,American Airlines Center,Dallas Stars,Florida Panthers,
13,10/04/2021 06:00,Scotiabank Saddledome,Calgary Flames,Vancouver Canucks,
13,10/04/2021 07:00,PNC Arena,Carolina Hurricanes,Detroit Red Wings,
13,10/04/2021 07:00,Nationwide Arena,Columbus Blue Jackets,Chicago Blackhawks,
13,10/04/2021 07:00,Centre Bell,Montréal Canadiens,Winnipeg Jets,
13,10/04/2021 07:00,Scotiabank Arena,Toronto Maple Leafs,Ottawa Senators,
13,10/04/2021 07:00,SAP Center at San Jose,San Jose Sharks,Los Angeles Kings,
13,11/04/2021 05:00,Enterprise Center,St. Louis Blues,Minnesota Wild,
13,11/04/2021 07:00,Prudential Center,New Jersey Devils,Pittsburgh Penguins,
13,11/04/2021 07:00,NYCB Live/Nassau Coliseum,New York Islanders,New York Rangers,
13,11/04/2021 07:00,Wells Fargo Center,Philadelphia Flyers,Buffalo Sabres,
13,11/04/2021 07:00,Capital One Arena,Washington Capitals,Boston Bruins,
13,11/04/2021 07:00,T-Mobile Arena,Vegas Golden Knights,Arizona Coyotes,
13,11/04/2021 07:00,Honda Center,Anaheim Ducks,Colorado Avalanche,
13,12/04/2021 05:00,Bridgestone Arena,Nashville Predators,Tampa Bay Lightning,
13,12/04/2021 06:00,Rogers Place,Edmonton Oilers,Vancouver Canucks,
13,12/04/2021 07:00,PNC Arena,Carolina Hurricanes,Detroit Red Wings,
13,12/04/2021 07:00,Nationwide Arena,Columbus Blue Jackets,Chicago Blackhawks,
13,12/04/2021 07:00,Centre Bell,Montréal Canadiens,Toronto Maple Leafs,
13,12/04/2021 07:00,Canadian Tire Centre,Ottawa Senators,Winnipeg Jets,
13,12/04/2021 07:00,STAPLES Center,Los Angeles Kings,Vegas Golden Knights,
13,12/04/2021 07:00,SAP Center at San Jose,San Jose Sharks,Anaheim Ducks,
13,13/04/2021 05:00,American Airlines Center,Dallas Stars,Florida Panthers,
13,13/04/2021 07:00,TD Garden,Boston Bruins,New York Islanders,
13,13/04/2021 07:00,Prudential Center,New Jersey Devils,New York Rangers,
13,13/04/2021 07:00,Capital One Arena,Washington Capitals,Buffalo Sabres,
13,13/04/2021 07:00,PPG Paints Arena,Pittsburgh Penguins,Philadelphia Flyers,
13,13/04/2021 07:00,Scotiabank Arena,Toronto Maple Leafs,Calgary Flames,
14,14/04/2021 06:00,Rogers Place,Edmonton Oilers,Vancouver Canucks,
14,14/04/2021 07:00,Centre Bell,Montréal Canadiens,Calgary Flames,
14,14/04/2021 07:00,Canadian Tire Centre,Ottawa Senators,Winnipeg Jets,
14,14/04/2021 07:00,STAPLES Center,Los Angeles Kings,Vegas Golden Knights,
14,14/04/2021 07:00,SAP Center at San Jose,San Jose Sharks,Anaheim Ducks,
14,15/04/2021 05:00,American Airlines Center,Dallas Stars,Columbus Blue Jackets,
14,15/04/2021 07:00,Madison Square Garden,New York Rangers,New Jersey Devils,
14,15/04/2021 07:00,Capital One Arena,Washington Capitals,Buffalo Sabres,
14,15/04/2021 07:00,PNC Arena,Carolina Hurricanes,Nashville Predators,
14,15/04/2021 07:00,Amalie Arena,Tampa Bay Lightning,Florida Panthers,
14,15/04/2021 07:00,PPG Paints Arena,Pittsburgh Penguins,Philadelphia Flyers,
14,15/04/2021 07:00,Little Caesars Arena,Detroit Red Wings,Chicago Blackhawks,
14,15/04/2021 07:00,Scotiabank Arena,Toronto Maple Leafs,Winnipeg Jets,
14,15/04/2021 07:00,Gila River Arena,Arizona Coyotes,St. Louis Blues,
14,16/04/2021 05:00,Xcel Energy Center,Minnesota Wild,San Jose Sharks,
14,16/04/2021 06:00,Ball Arena,Colorado Avalanche,Los Angeles Kings,
14,16/04/2021 07:00,TD Garden,Boston Bruins,New York Islanders,
14,16/04/2021 07:00,Centre Bell,Montréal Canadiens,Calgary Flames,
14,16/04/2021 07:00,Honda Center,Anaheim Ducks,Vegas Golden Knights,
14,17/04/2021 05:00,Bell MTS Place,Winnipeg Jets,Edmonton Oilers,
14,17/04/2021 05:00,Xcel Energy Center,Minnesota Wild,San Jose Sharks,
14,17/04/2021 05:00,American Airlines Center,Dallas Stars,Columbus Blue Jackets,
14,17/04/2021 07:00,KeyBank Center,Buffalo Sabres,Pittsburgh Penguins,
14,17/04/2021 07:00,Madison Square Garden,New York Rangers,New Jersey Devils,
14,17/04/2021 07:00,Wells Fargo Center,Philadelphia Flyers,Washington Capitals,
14,17/04/2021 07:00,PNC Arena,Carolina Hurricanes,Nashville Predators,
14,17/04/2021 07:00,Amalie Arena,Tampa Bay Lightning,Florida Panthers,
14,17/04/2021 07:00,Little Caesars Arena,Detroit Red Wings,Chicago Blackhawks,
14,17/04/2021 07:00,Rogers Arena,Vancouver Canucks,Toronto Maple Leafs,
14,17/04/2021 07:00,Gila River Arena,Arizona Coyotes,St. Louis Blues,
14,18/04/2021 06:00,Ball Arena,Colorado Avalanche,Los Angeles Kings,
14,18/04/2021 07:00,TD Garden,Boston Bruins,Washington Capitals,
14,18/04/2021 07:00,Prudential Center,New Jersey Devils,New York Rangers,
14,18/04/2021 07:00,Wells Fargo Center,Philadelphia Flyers,New York Islanders,
14,18/04/2021 07:00,Honda Center,Anaheim Ducks,Vegas Golden Knights,
14,19/04/2021 05:00,American Airlines Center,Dallas Stars,Detroit Red Wings,
14,19/04/2021 06:00,Scotiabank Saddledome,Calgary Flames,Ottawa Senators,
14,19/04/2021 06:00,Rogers Place,Edmonton Oilers,Montréal Canadiens,
14,19/04/2021 07:00,Amalie Arena,Tampa Bay Lightning,Carolina Hurricanes,
14,19/04/2021 07:00,BB&T Center,Florida Panthers,Columbus Blue Jackets,
14,19/04/2021 07:00,Rogers Arena,Vancouver Canucks,Toronto Maple Leafs,
14,19/04/2021 07:00,Gila River Arena,Arizona Coyotes,Minnesota Wild,
14,19/04/2021 07:00,T-Mobile Arena,Vegas Golden Knights,San Jose Sharks,
14,20/04/2021 05:00,American Airlines Center,Dallas Stars,Detroit Red Wings,
14,20/04/2021 06:00,Scotiabank Saddledome,Calgary Flames,Ottawa Senators,
14,20/04/2021 06:00,Rogers Place,Edmonton Oilers,Montréal Canadiens,
14,20/04/2021 06:00,Ball Arena,Colorado Avalanche,St. Louis Blues,
14,20/04/2021 07:00,TD Garden,Boston Bruins,Washington Capitals,
14,20/04/2021 07:00,KeyBank Center,Buffalo Sabres,Pittsburgh Penguins,
14,20/04/2021 07:00,Prudential Center,New Jersey Devils,Philadelphia Flyers,
14,20/04/2021 07:00,NYCB Live/Nassau Coliseum,New York Islanders,New York Rangers,
14,20/04/2021 07:00,Amalie Arena,Tampa Bay Lightning,Carolina Hurricanes,
14,20/04/2021 07:00,BB&T Center,Florida Panthers,Columbus Blue Jackets,
14,20/04/2021 07:00,STAPLES Center,Los Angeles Kings,Anaheim Ducks,
15,21/04/2021 05:00,United Center,Chicago Blackhawks,Nashville Predators,
15,21/04/2021 05:00,Bell MTS Place,Winnipeg Jets,Toronto Maple Leafs,
15,21/04/2021 07:00,Gila River Arena,Arizona Coyotes,Minnesota Wild,
15,21/04/2021 07:00,T-Mobile Arena,Vegas Golden Knights,San Jose Sharks,
15,22/04/2021 05:00,Enterprise Center,St. Louis Blues,Colorado Avalanche,
15,22/04/2021 06:00,Scotiabank Saddledome,Calgary Flames,Montréal Canadiens,
15,22/04/2021 07:00,KeyBank Center,Buffalo Sabres,Boston Bruins,
15,22/04/2021 07:00,NYCB Live/Nassau Coliseum,New York Islanders,Washington Capitals,
15,22/04/2021 07:00,Amalie Arena,Tampa Bay Lightning,Columbus Blue Jackets,
15,22/04/2021 07:00,BB&T Center,Florida Panthers,Carolina Hurricanes,
15,22/04/2021 07:00,PPG Paints Arena,Pittsburgh Penguins,New Jersey Devils,
15,22/04/2021 07:00,Little Caesars Arena,Detroit Red Wings,Dallas Stars,
15,22/04/2021 07:00,Rogers Arena,Vancouver Canucks,Ottawa Senators,
15,23/04/2021 05:00,United Center,Chicago Blackhawks,Nashville Predators,
15,23/04/2021 05:00,Bell MTS Place,Winnipeg Jets,Toronto Maple Leafs,
15,23/04/2021 07:00,KeyBank Center,Buffalo Sabres,Boston Bruins,
15,23/04/2021 07:00,Madison Square Garden,New York Rangers,Philadelphia Flyers,
15,23/04/2021 07:00,STAPLES Center,Los Angeles Kings,Arizona Coyotes,
15,23/04/2021 07:00,SAP Center at San Jose,San Jose Sharks,Minnesota Wild,
15,24/04/2021 05:00,Enterprise Center,St. Louis Blues,Colorado Avalanche,
15,24/04/2021 05:00,Bell MTS Place,Winnipeg Jets,Toronto Maple Leafs,
15,24/04/2021 06:00,Scotiabank Saddledome,Calgary Flames,Montréal Canadiens,
15,24/04/2021 07:00,NYCB Live/Nassau Coliseum,New York Islanders,Washington Capitals,
15,24/04/2021 07:00,BB&T Center,Florida Panthers,Carolina Hurricanes,
15,24/04/2021 07:00,PPG Paints Arena,Pittsburgh Penguins,New Jersey Devils,
15,24/04/2021 07:00,Little Caesars Arena,Detroit Red Wings,Dallas Stars,
15,24/04/2021 07:00,Rogers Arena,Vancouver Canucks,Ottawa Senators,
15,24/04/2021 07:00,STAPLES Center,Los Angeles Kings,Arizona Coyotes,
15,24/04/2021 07:00,SAP Center at San Jose,San Jose Sharks,Minnesota Wild,
15,25/04/2021 07:00,Madison Square Garden,New York Rangers,Buffalo Sabres,
15,25/04/2021 07:00,Wells Fargo Center,Philadelphia Flyers,New York Islanders,
15,25/04/2021 07:00,Amalie Arena,Tampa Bay Lightning,Columbus Blue Jackets,
15,25/04/2021 07:00,PPG Paints Arena,Pittsburgh Penguins,Boston Bruins,
15,26/04/2021 05:00,Bridgestone Arena,Nashville Predators,Florida Panthers,
15,26/04/2021 05:00,Bell MTS Place,Winnipeg Jets,Edmonton Oilers,
15,26/04/2021 05:00,Xcel Energy Center,Minnesota Wild,St. Louis Blues,
15,26/04/2021 05:00,American Airlines Center,Dallas Stars,Carolina Hurricanes,
15,26/04/2021 06:00,Scotiabank Saddledome,Calgary Flames,Montréal Canadiens,
15,26/04/2021 07:00,Canadian Tire Centre,Ottawa Senators,Vancouver Canucks,
15,26/04/2021 07:00,T-Mobile Arena,Vegas Golden Knights,Colorado Avalanche,
15,26/04/2021 07:00,STAPLES Center,Los Angeles Kings,Anaheim Ducks,
15,26/04/2021 07:00,SAP Center at San Jose,San Jose Sharks,Arizona Coyotes,
15,27/04/2021 05:00,United Center,Chicago Blackhawks,Tampa Bay Lightning,
15,27/04/2021 05:00,Bridgestone Arena,Nashville Predators,Florida Panthers,
15,27/04/2021 05:00,American Airlines Center,Dallas Stars,Carolina Hurricanes,
15,27/04/2021 07:00,Prudential Center,New Jersey Devils,New York Islanders,
15,27/04/2021 07:00,Madison Square Garden,New York Rangers,Buffalo Sabres,
15,27/04/2021 07:00,Wells Fargo Center,Philadelphia Flyers,Washington Capitals,
15,27/04/2021 07:00,PPG Paints Arena,Pittsburgh Penguins,Boston Bruins,
15,27/04/2021 07:00,Nationwide Arena,Columbus Blue Jackets,Detroit Red Wings,
16,28/04/2021 05:00,Bell MTS Place,Winnipeg Jets,Edmonton Oilers,
16,28/04/2021 05:00,Xcel Energy Center,Minnesota Wild,St. Louis Blues,
16,28/04/2021 07:00,Centre Bell,Montréal Canadiens,Toronto Maple Leafs,
16,28/04/2021 07:00,Canadian Tire Centre,Ottawa Senators,Vancouver Canucks,
16,28/04/2021 07:00,T-Mobile Arena,Vegas Golden Knights,Colorado Avalanche,
16,28/04/2021 07:00,STAPLES Center,Los Angeles Kings,Anaheim Ducks,
16,28/04/2021 07:00,SAP Center at San Jose,San Jose Sharks,Arizona Coyotes,
16,29/04/2021 05:00,United Center,Chicago Blackhawks,Florida Panthers,
16,29/04/2021 05:00,Bridgestone Arena,Nashville Predators,Dallas Stars,
16,29/04/2021 06:00,Rogers Place,Edmonton Oilers,Calgary Flames,
16,29/04/2021 07:00,TD Garden,Boston Bruins,Buffalo Sabres,
16,29/04/2021 07:00,Prudential Center,New Jersey Devils,Philadelphia Flyers,
16,29/04/2021 07:00,Madison Square Garden,New York Rangers,New York Islanders,
16,29/04/2021 07:00,Capital One Arena,Washington Capitals,Pittsburgh Penguins,
16,29/04/2021 07:00,PNC Arena,Carolina Hurricanes,Detroit Red Wings,
16,30/04/2021 05:00,Enterprise Center,St. Louis Blues,Minnesota Wild,
16,30/04/2021 06:00,Ball Arena,Colorado Avalanche,San Jose Sharks,
16,30/04/2021 07:00,Centre Bell,Montréal Canadiens,Winnipeg Jets,
16,30/04/2021 07:00,Scotiabank Arena,Toronto Maple Leafs,Vancouver Canucks,
16,30/04/2021 07:00,Gila River Arena,Arizona Coyotes,Vegas Golden Knights,
16,30/04/2021 07:00,Honda Center,Anaheim Ducks,Los Angeles Kings,
16,01/05/2021 05:00,United Center,Chicago Blackhawks,Florida Panthers,
16,01/05/2021 05:00,Enterprise Center,St. Louis Blues,Minnesota Wild,
16,01/05/2021 05:00,Bridgestone Arena,Nashville Predators,Dallas Stars,
16,01/05/2021 06:00,Rogers Place,Edmonton Oilers,Calgary Flames,
16,01/05/2021 06:00,Ball Arena,Colorado Avalanche,San Jose Sharks,
16,01/05/2021 07:00,TD Garden,Boston Bruins,Buffalo Sabres,
16,01/05/2021 07:00,NYCB Live/Nassau Coliseum,New York Islanders,New York Rangers,
16,01/05/2021 07:00,Wells Fargo Center,Philadelphia Flyers,New Jersey Devils,
16,01/05/2021 07:00,Capital One Arena,Washington Capitals,Pittsburgh Penguins,
16,01/05/2021 07:00,PNC Arena,Carolina Hurricanes,Columbus Blue Jackets,
16,01/05/2021 07:00,Little Caesars Arena,Detroit Red Wings,Tampa Bay Lightning,
16,01/05/2021 07:00,Centre Bell,Montréal Canadiens,Ottawa Senators,
16,01/05/2021 07:00,Scotiabank Arena,Toronto Maple Leafs,Vancouver Canucks,
16,01/05/2021 07:00,Gila River Arena,Arizona Coyotes,Vegas Golden Knights,
16,01/05/2021 07:00,Honda Center,Anaheim Ducks,Los Angeles Kings,
16,02/05/2021 07:00,Little Caesars Arena,Detroit Red Wings,Tampa Bay Lightning,
16,03/05/2021 05:00,Enterprise Center,St. Louis Blues,Anaheim Ducks,
16,03/05/2021 05:00,Xcel Energy Center,Minnesota Wild,Vegas Golden Knights,
16,03/05/2021 07:00,KeyBank Center,Buffalo Sabres,New York Islanders,
16,03/05/2021 07:00,Prudential Center,New Jersey Devils,Boston Bruins,
16,03/05/2021 07:00,Madison Square Garden,New York Rangers,Washington Capitals,
16,03/05/2021 07:00,Wells Fargo Center,Philadelphia Flyers,Pittsburgh Penguins,
16,03/05/2021 07:00,PNC Arena,Carolina Hurricanes,Chicago Blackhawks,
16,03/05/2021 07:00,Nationwide Arena,Columbus Blue Jackets,Nashville Predators,
16,03/05/2021 07:00,Centre Bell,Montréal Canadiens,Toronto Maple Leafs,
16,03/05/2021 07:00,Canadian Tire Centre,Ottawa Senators,Winnipeg Jets,
16,03/05/2021 07:00,Gila River Arena,Arizona Coyotes,Los Angeles Kings,
16,03/05/2021 07:00,SAP Center at San Jose,San Jose Sharks,Colorado Avalanche,
16,04/05/2021 07:00,KeyBank Center,Buffalo Sabres,New York Islanders,
16,04/05/2021 07:00,Prudential Center,New Jersey Devils,Boston Bruins,
16,04/05/2021 07:00,Wells Fargo Center,Philadelphia Flyers,Pittsburgh Penguins,
16,04/05/2021 07:00,PNC Arena,Carolina Hurricanes,Chicago Blackhawks,
16,04/05/2021 07:00,Amalie Arena,Tampa Bay Lightning,Florida Panthers,
16,04/05/2021 07:00,Rogers Arena,Vancouver Canucks,Edmonton Oilers,
17,05/05/2021 05:00,Enterprise Center,St. Louis Blues,Anaheim Ducks,
17,05/05/2021 05:00,Xcel Energy Center,Minnesota Wild,Vegas Golden Knights,
17,05/05/2021 06:00,Scotiabank Saddledome,Calgary Flames,Winnipeg Jets,
17,05/05/2021 07:00,Madison Square Garden,New York Rangers,Washington Capitals,
17,05/05/2021 07:00,Nationwide Arena,Columbus Blue Jackets,Nashville Predators,
17,05/05/2021 07:00,Canadian Tire Centre,Ottawa Senators,Toronto Maple Leafs,
17,05/05/2021 07:00,Gila River Arena,Arizona Coyotes,Los Angeles Kings,
17,05/05/2021 07:00,SAP Center at San Jose,San Jose Sharks,Colorado Avalanche,
17,06/05/2021 05:00,United Center,Chicago Blackhawks,Dallas Stars,
17,06/05/2021 07:00,TD Garden,Boston Bruins,New York Rangers,
17,06/05/2021 07:00,NYCB Live/Nassau Coliseum,New York Islanders,New Jersey Devils,
17,06/05/2021 07:00,BB&T Center,Florida Panthers,Tampa Bay Lightning,
17,06/05/2021 07:00,PPG Paints Arena,Pittsburgh Penguins,Buffalo Sabres,
17,06/05/2021 07:00,Rogers Arena,Vancouver Canucks,Edmonton Oilers,
17,07/05/2021 05:00,Bridgestone Arena,Nashville Predators,Carolina Hurricanes,
17,07/05/2021 05:00,Bell MTS Place,Winnipeg Jets,Ottawa Senators,
17,07/05/2021 05:00,Xcel Energy Center,Minnesota Wild,Anaheim Ducks,
17,07/05/2021 06:00,Scotiabank Saddledome,Calgary Flames,Edmonton Oilers,
17,07/05/2021 07:00,Capital One Arena,Washington Capitals,Philadelphia Flyers,
17,07/05/2021 07:00,Nationwide Arena,Columbus Blue Jackets,Detroit Red Wings,
17,07/05/2021 07:00,Scotiabank Arena,Toronto Maple Leafs,Montréal Canadiens,
17,07/05/2021 07:00,T-Mobile Arena,Vegas Golden Knights,St. Louis Blues,
17,07/05/2021 07:00,STAPLES Center,Los Angeles Kings,Colorado Avalanche,
17,07/05/2021 07:00,SAP Center at San Jose,San Jose Sharks,Arizona Coyotes,
17,08/05/2021 05:00,United Center,Chicago Blackhawks,Dallas Stars,
17,08/05/2021 05:00,Bridgestone Arena,Nashville Predators,Carolina Hurricanes,
17,08/05/2021 05:00,Bell MTS Place,Winnipeg Jets,Ottawa Senators,
17,08/05/2021 05:00,Xcel Energy Center,Minnesota Wild,Anaheim Ducks,
17,08/05/2021 07:00,TD Garden,Boston Bruins,New York Rangers,
17,08/05/2021 07:00,NYCB Live/Nassau Coliseum,New York Islanders,New Jersey Devils,
17,08/05/2021 07:00,Capital One Arena,Washington Capitals,Philadelphia Flyers,
17,08/05/2021 07:00,BB&T Center,Florida Panthers,Tampa Bay Lightning,
17,08/05/2021 07:00,PPG Paints Arena,Pittsburgh Penguins,Buffalo Sabres,
17,08/05/2021 07:00,Nationwide Arena,Columbus Blue Jackets,Detroit Red Wings,
17,08/05/2021 07:00,Scotiabank Arena,Toronto Maple Leafs,Montréal Canadiens,
17,08/05/2021 07:00,Rogers Arena,Vancouver Canucks,Calgary Flames,
17,08/05/2021 07:00,T-Mobile Arena,Vegas Golden Knights,St. Louis Blues,
17,08/05/2021 07:00,STAPLES Center,Los Angeles Kings,Colorado Avalanche,
17,08/05/2021 07:00,SAP Center at San Jose,San Jose Sharks,Arizona Coyotes,
